<?xml version="1.0" encoding="UTF-8"?>
<project-private xmlns="http://www.netbeans.org/ns/project-private/1">
    <editor-bookmarks xmlns="http://www.netbeans.org/ns/editor-bookmarks/2" lastBookmarkId="0"/>
    <open-files xmlns="http://www.netbeans.org/ns/projectui-open-files/2">
        <group>
            <file>file:/C:/Users/Leisly%20Pino/Documents/NetBeansProjects/RentACar/src/ooc/yoursolution/BookingSystemInterface.java</file>
            <file>file:/C:/Users/Leisly%20Pino/Documents/NetBeansProjects/RentACar/src/ooc/enums/Month.java</file>
            <file>file:/C:/Users/Leisly%20Pino/Documents/NetBeansProjects/RentACar/src/ooc/yoursolution/CarInterface.java</file>
            <file>file:/C:/Users/Leisly%20Pino/Documents/NetBeansProjects/RentACar/src/ooc/yoursolution/RentACar.java</file>
            <file>file:/C:/Users/Leisly%20Pino/Documents/NetBeansProjects/RentACar/src/ooc/enums/Make.java</file>
            <file>file:/C:/Users/Leisly%20Pino/Documents/NetBeansProjects/RentACar/src/ooc/yoursolution/BookingSystem.java</file>
            <file>file:/C:/Users/Leisly%20Pino/Documents/NetBeansProjects/RentACar/src/rentacar/Driver.java</file>
            <file>file:/C:/Users/Leisly%20Pino/Documents/NetBeansProjects/RentACar/src/ooc/yoursolution/RentACarInterface.java</file>
            <file>file:/C:/Users/Leisly%20Pino/Documents/NetBeansProjects/RentACar/src/ooc/yoursolution/Car.java</file>
        </group>
    </open-files>
</project-private>
